label,scenario,n_atoms,charge,n_bonds,E_sp_eV,E_relax_eV,converged,steps,E_form_eV,E_form_per_bond_eV
Fe3+_A_BTC_only_BTC[s1]_BTC[s1]_planar_q-3,A,37,-3,2,-2558.789,-2561.475,True,42,-57.763,-28.881
Fe3+_A_BTC_only_BTC[s1]_BTC[s2]_planar_q-3,A,37,-3,3,-2556.316,-2562.683,False,50,-58.97,-19.657
Fe3+_A_BTC_only_BTC[s2]_planar_q+0,A,19,0,2,-1306.693,-1312.647,True,42,-50.573,-25.287
Fe3+_B_BTC_EDTA_BTC[s1]_BTC[s1]_planar_q-3,B,37,-3,2,-2558.789,-2561.475,True,42,-57.763,-28.881
Fe3+_B_BTC_EDTA_BTC[s1]_BTC[s2]_planar_q-3,B,37,-3,3,-2556.316,-2562.683,False,50,-58.97,-19.657
Fe3+_B_BTC_EDTA_BTC[s1]_EDTA[s1]_planar_q-4,B,51,-4,2,-3121.96,-3127.949,True,48,-60.097,-30.049
Fe3+_B_BTC_EDTA_BTC[s2]_planar_q+0,B,19,0,2,-1306.693,-1312.647,True,42,-50.573,-25.287
Fe3+_B_BTC_EDTA_EDTA[s1]_EDTA[s1]_planar_q-5,B,65,-5,2,-3684.354,-3691.019,True,36,-59.028,-29.514
Fe3+_B_BTC_EDTA_EDTA[s4]_planar_q-1,B,33,-1,4,-1876.364,-1887.826,False,50,-61.614,-15.403
Fe3+_B_BTC_EDTA_EDTA[s4]_tetrahedral_q-1,B,33,-1,4,-1876.252,-1888.766,False,50,-62.554,-15.639
Fe3+_B_BTC_EDTA_EDTA[s6]_octahedral_q-1,B,33,-1,6,-1876.609,-1889.018,True,44,-62.806,-10.468
Fe3+_C_BTC_EDDA_BTC[s1]_BTC[s1]_EDDA[s1]_EDDA[s1]_planar_q-7,C,81,-7,4,-4737.44,-4743.764,False,50,-39.545,-9.886
Fe3+_C_BTC_EDDA_BTC[s1]_BTC[s1]_EDDA[s1]_EDDA[s1]_tetrahedral_q-7,C,81,-7,4,-4739.282,-4744.713,False,50,-40.494,-10.124
Fe3+_C_BTC_EDDA_BTC[s1]_BTC[s1]_EDDA[s1]_planar_q-5,C,59,-5,3,-3652.789,-3656.172,False,35,-52.206,-17.402
Fe3+_C_BTC_EDDA_BTC[s1]_BTC[s1]_planar_q-3,C,37,-3,2,-2558.789,-2561.389,False,35,-57.676,-28.838
Fe3+_C_BTC_EDDA_BTC[s1]_BTC[s2]_EDDA[s1]_planar_q-5,C,59,-5,4,-3647.403,-3654.683,False,35,-50.717,-12.679
Fe3+_C_BTC_EDDA_BTC[s1]_BTC[s2]_EDDA[s1]_tetrahedral_q-5,C,59,-5,4,-3650.925,-3656.261,True,28,-52.295,-13.074
Fe3+_C_BTC_EDDA_BTC[s1]_BTC[s2]_planar_q-3,C,37,-3,3,-2556.316,-2562.463,False,35,-58.75,-19.583
Fe3+_C_BTC_EDDA_BTC[s1]_EDDA[s1]_EDDA[s1]_planar_q-4,C,63,-4,3,-3512.482,-3515.589,False,35,-53.01,-17.67
Fe3+_C_BTC_EDDA_BTC[s1]_EDDA[s1]_planar_q-2,C,41,-2,2,-2414.926,-2418.524,False,35,-56.198,-28.099
Fe3+_C_BTC_EDDA_BTC[s2]_BTC[s2]_EDDA[s1]_planar_q-5,C,59,-5,5,-3642.429,-3652.444,False,35,-48.478,-9.696
Fe3+_C_BTC_EDDA_BTC[s2]_EDDA[s1]_EDDA[s1]_tetrahedral_q-4,C,63,-4,4,-3510.112,-3515.918,True,28,-53.339,-13.335
Fe3+_C_BTC_EDDA_BTC[s2]_planar_q+0,C,19,0,2,-1306.693,-1312.542,False,35,-50.469,-25.234
Fe3+_C_BTC_EDDA_EDDA[s1]_EDDA[s1]_planar_q-1,C,45,-1,2,-2268.996,-2271.259,True,29,-50.319,-25.16
Fe3+_C_BTC_EDDA_EDDA[s4]_tetrahedral_q+1,C,23,1,4,-1156.89,-1162.818,False,35,-42.132,-10.533
Fe3+_D_BTC_EDTA_EDDA_BTC[s1]_BTC[s1]_EDDA[s1]_EDDA[s1]_planar_q-7,D,81,-7,4,-4737.44,-4743.149,False,35,-38.93,-9.732
Fe3+_D_BTC_EDTA_EDDA_BTC[s1]_BTC[s1]_EDDA[s1]_EDDA[s1]_tetrahedral_q-7,D,81,-7,4,-4739.282,-4744.206,False,35,-39.987,-9.997
Fe3+_D_BTC_EDTA_EDDA_BTC[s1]_BTC[s1]_EDDA[s1]_planar_q-5,D,59,-5,3,-3652.789,-3656.172,False,35,-52.206,-17.402
Fe3+_D_BTC_EDTA_EDDA_BTC[s1]_BTC[s1]_EDTA[s1]_EDDA[s1]_tetrahedral_q-9,D,91,-9,4,-5427.552,-5437.095,False,35,-27.35,-6.838
Fe3+_D_BTC_EDTA_EDDA_BTC[s1]_BTC[s1]_planar_q-3,D,37,-3,2,-2558.789,-2561.389,False,35,-57.676,-28.838
Fe3+_D_BTC_EDTA_EDDA_BTC[s1]_BTC[s2]_EDDA[s1]_planar_q-5,D,59,-5,4,-3647.403,-3654.683,False,35,-50.717,-12.679
Fe3+_D_BTC_EDTA_EDDA_BTC[s1]_BTC[s2]_EDDA[s1]_tetrahedral_q-5,D,59,-5,4,-3650.925,-3656.261,True,28,-52.295,-13.074
Fe3+_D_BTC_EDTA_EDDA_BTC[s1]_BTC[s2]_planar_q-3,D,37,-3,3,-2556.316,-2562.463,False,35,-58.75,-19.583
Fe3+_D_BTC_EDTA_EDDA_BTC[s1]_EDDA[s1]_EDDA[s1]_planar_q-4,D,63,-4,3,-3512.482,-3515.589,False,35,-53.01,-17.67
Fe3+_D_BTC_EDTA_EDDA_BTC[s1]_EDDA[s1]_planar_q-2,D,41,-2,2,-2414.926,-2418.524,False,35,-56.198,-28.099
Fe3+_D_BTC_EDTA_EDDA_BTC[s1]_EDTA[s1]_EDDA[s1]_EDDA[s1]_tetrahedral_q-8,D,95,-8,4,-5296.313,-5303.484,False,35,-35.126,-8.781
Fe3+_D_BTC_EDTA_EDDA_BTC[s1]_EDTA[s1]_EDDA[s1]_planar_q-6,D,73,-6,3,-4211.347,-4217.236,False,35,-49.131,-16.377
Fe3+_D_BTC_EDTA_EDDA_BTC[s1]_EDTA[s1]_planar_q-4,D,51,-4,2,-3121.96,-3127.7,False,35,-59.848,-29.924
Fe3+_D_BTC_EDTA_EDDA_BTC[s2]_BTC[s2]_EDDA[s1]_planar_q-5,D,59,-5,5,-3642.429,-3652.445,False,35,-48.479,-9.696
Fe3+_D_BTC_EDTA_EDDA_BTC[s2]_EDDA[s1]_EDDA[s1]_tetrahedral_q-4,D,63,-4,4,-3510.112,-3515.918,True,28,-53.339,-13.335
Fe3+_D_BTC_EDTA_EDDA_BTC[s2]_planar_q+0,D,19,0,2,-1306.693,-1312.542,False,35,-50.469,-25.234
Fe3+_D_BTC_EDTA_EDDA_EDDA[s1]_EDDA[s1]_planar_q-1,D,45,-1,2,-2268.996,-2271.259,True,29,-50.319,-25.16
Fe3+_D_BTC_EDTA_EDDA_EDDA[s4]_tetrahedral_q+1,D,23,1,4,-1156.89,-1162.818,False,35,-42.132,-10.533
Fe3+_D_BTC_EDTA_EDDA_EDTA[s1]_EDDA[s1]_EDDA[s1]_planar_q-5,D,77,-5,3,-4074.119,-4079.9,False,35,-53.182,-17.727
Fe3+_D_BTC_EDTA_EDDA_EDTA[s1]_EDDA[s1]_planar_q-3,D,55,-3,2,-2980.777,-2985.63,False,35,-59.165,-29.582
Fe3+_D_BTC_EDTA_EDDA_EDTA[s1]_EDTA[s1]_planar_q-5,D,65,-5,2,-3684.354,-3691.005,True,35,-59.015,-29.507
Fe3+_D_BTC_EDTA_EDDA_EDTA[s4]_planar_q-1,D,33,-1,4,-1876.364,-1887.505,False,35,-61.293,-15.323
Fe3+_D_BTC_EDTA_EDDA_EDTA[s4]_tetrahedral_q-1,D,33,-1,4,-1876.252,-1888.205,False,35,-61.993,-15.498
Fe3+_D_BTC_EDTA_EDDA_EDTA[s6]_octahedral_q-1,D,33,-1,6,-1876.609,-1888.555,False,35,-62.342,-10.39
